,label,name
0,0,009c
1,1,00a4
2,2,0714
3,3,07ac
4,4,094c
5,5,0b44
6,6,0c3c
7,7,0c44
8,8,0c4c
9,9,0c64
10,10,0c6c
11,11,0d04
12,12,0d0c
13,13,0d14
14,14,0d19
15,15,0d1b
16,16,0d1c
17,17,0d1f
18,18,0d24
19,19,0d2c
20,20,0d34
21,21,0d3c
22,22,0d41
23,23,0d424
24,24,0d43
25,25,0d434
26,26,0d44
27,27,0d45
28,28,0d47
29,29,0d4c
30,30,0d54
31,31,0d5c
32,32,0d64
33,33,0d6c
34,34,0d74
35,35,0d7c
36,36,0d94
37,37,0d9c
38,38,0da4
39,39,0dac
40,40,0db4
41,41,0dbc
42,42,0e84
43,43,0e94
44,44,0ec4
45,45,0fdc
46,46,103c
47,47,1254
48,48,1294
49,49,129c
50,50,12a1
51,51,12a3
52,52,12a4
53,53,12a44
54,54,12a49
55,55,12a4a24
56,56,12a4a2c
57,57,12a4a3
58,58,12a4a34
59,59,12a4a3c
60,60,12a4a4
61,61,12a4b
62,62,12a4bc
63,63,12a4c
64,64,12a4f
65,65,12a5
66,66,12a54
67,67,12a5c
68,68,12a7
69,69,12ac
70,70,12b4
71,71,12bc
72,72,12c9
73,73,12cb
74,74,12cc
75,75,12cd
76,76,12cf
77,77,12d4
78,78,12dc
79,79,12e4
80,80,12fc
81,81,1304
82,82,130c
83,83,1314
84,84,131c
85,85,1324
86,86,1329
87,87,132b
88,88,132c
89,89,132d
90,90,132f
91,91,1334
92,92,133c
93,93,1344
94,94,134c
95,95,1354
96,96,135c
97,97,1364
98,98,13ac
99,99,1434
100,100,144c
101,101,1454
102,102,145c
103,103,1494
104,104,149c
105,105,14a4
106,106,14ac
107,107,14b4
108,108,14bc
109,109,14c4
110,110,14cc
111,111,14d4
112,112,14dc
113,113,14e4
114,114,14f4
115,115,1504
116,116,1514
117,117,151c
118,118,1524
119,119,152c
120,120,1534
121,121,1554
122,122,155c
123,123,15a4
124,124,15c4
125,125,1764
126,126,1774
127,127,177c
128,128,1814
129,129,1824
130,130,182c
131,131,1834
132,132,183c
133,133,1844
134,134,185c
135,135,18dc
136,136,194c
137,137,1954
138,138,195c
139,139,1964
140,140,19c4
141,141,19cc
142,142,19dc
143,143,1a4c
144,144,1b8c
145,145,1b94
146,146,1b9c
147,147,1ba4
148,148,1bf4
149,149,1c0c
150,150,1c14
151,151,1c3c
152,152,1c6c
153,153,1c74
154,154,1dcc
155,155,1dd4
156,156,1e64
157,157,1e7c
158,158,1e94
159,159,1ebc
160,160,1ec4
161,161,1ee4
162,162,1eec
163,163,1ef4
164,164,1f64
165,165,21dc
166,166,21e4
167,167,21f4
168,168,2214
169,169,2a34
170,170,2dd4
171,171,2ddc
172,172,2e44
173,173,2e6c
174,174,2e7c
175,175,302c
176,176,3034
177,177,304c
178,178,3054
179,179,30c4
180,180,30cc
181,181,30d4
182,182,30dc
183,183,30e4
184,184,30fc
185,185,3104
186,186,310c
187,187,3114
188,188,311c
189,189,3124
190,190,312c
191,191,3134
192,192,313c
193,193,3144
194,194,314c
195,195,3174
196,196,31a4
197,197,31b4
198,198,31cc
199,199,31d4
200,200,31dc
201,201,323c
202,202,32fc
203,203,3394
204,204,33a4
205,205,33ac
206,206,33bc
207,207,3404
208,208,3442b
209,209,3442c
210,210,3443
211,211,3444
212,212,345c
213,213,3464
214,214,346c
215,215,34e4
216,216,3514
217,217,353c
218,218,3544
219,219,3554
220,220,355c
221,221,356c
222,222,357c
223,223,35b4
224,224,35f4
225,225,3664
226,226,3694
227,227,36a4
228,228,36cc
229,229,36ec
230,230,3724
231,231,3754
232,232,3884
233,233,3894
234,234,389c
235,235,38ac
236,236,38b4
237,237,38bc
238,238,38dc
239,239,38e4
240,240,38ec
241,241,3904
242,242,390c
243,243,391c
244,244,3944
245,245,395c
246,246,3964
247,247,396c
248,248,3974
249,249,398c
250,250,3994
251,251,39e4
252,252,39ec
253,253,39fc
254,254,3a04
255,255,3a54
256,256,3ae4
257,257,3afc
258,258,3b04
259,259,3b0c
260,260,3b3c
261,261,3ba4
262,262,3bac
263,263,3bb4
264,264,3bbc
265,265,3bc4
266,266,3bcc
267,267,3bdc
268,268,3be4
269,269,3db4
270,270,3e2c
271,271,3e44
272,272,3e4c
273,273,3e5c
274,274,3e94
275,275,3ef4
276,276,3f4c
277,277,3f54
278,278,3f6c
279,279,3f8c
280,280,3fbc
281,281,3fcc
282,282,400c
283,283,4014
284,284,4034
285,285,403c
286,286,4044
287,287,405c
288,288,4064
289,289,406c
290,290,40a4
291,291,40ac
292,292,40b4
293,293,40d4
294,294,414c
295,295,41dc
296,296,442c
297,297,45c4
298,298,45cc
299,299,45d4
300,300,45dc
301,301,4614
302,302,463c
303,303,4644
304,304,464c
305,305,4654
306,306,465c
307,307,4664
308,308,466c
309,309,4674
310,310,467c
311,311,4684
312,312,468c
313,313,4694
314,314,469c
315,315,46b4
316,316,46c4
317,317,46dc
318,318,46e4
319,319,46ec
320,320,46f4
321,321,46fc
322,322,4704
323,323,470c
324,324,4714
325,325,471c
326,326,4724
327,327,4734
328,328,473c
329,329,4744
330,330,474c
331,331,4754
332,332,475c
333,333,4764
334,334,4769
335,335,476b
336,336,476c
337,337,476d
338,338,476f
339,339,4774
340,340,4779
341,341,477b
342,342,477c
343,343,477d
344,344,477f
345,345,4781
346,346,4783
347,347,4784
348,348,4785
349,349,4787
350,350,4789
351,351,478b
352,352,478c
353,353,478d
354,354,478f
355,355,4791
356,356,4793
357,357,4794
358,358,4795
359,359,4797
360,360,4799
361,361,479b
362,362,479c
363,363,479d
364,364,479f
365,365,47a4
366,366,47a83
367,367,47a84
368,368,47a844
369,369,47a84c
370,370,47a85
371,371,47a8504
372,372,47a850c
373,373,47a851
374,374,47a8514
375,375,47a851c
376,376,47a853
377,377,47a854
378,378,47a857
379,379,47a85c
380,380,47a8c
381,381,47a9
382,382,47a9c
383,383,47ab
384,384,47ac
385,385,47ad
386,386,47af
387,387,47b4
388,388,47bc
389,389,47c1
390,390,47c24
391,391,47c2c
392,392,47c3
393,393,47c34
394,394,47c3c
395,395,47c3c24
396,396,47c3c3
397,397,47c3c34
398,398,47c3c3c
399,399,47c3c4
400,400,47c3c5
401,401,47c3d
402,402,47c3d4
403,403,47c3dc
404,404,47c3f
405,405,47c4
406,406,47c5
407,407,47c64
408,408,47c6c
409,409,47c7
410,410,47c74
411,411,47c7c
412,412,47cc
413,413,47d4
414,414,47d84
415,415,47d8c
416,416,47d9
417,417,47d94
418,418,47d9c
419,419,47db
420,420,47dc
421,421,47dd
422,422,47df
423,423,47e1
424,424,47e3
425,425,47e4
426,426,47e5
427,427,47e61
428,428,47e64
429,429,47e664
430,430,47e66c
431,431,47e66d
432,432,47e66e4
433,433,47e66f
434,434,47e66fc
435,435,47e67
436,436,47e674
437,437,47e67c
438,438,47e6c
439,439,47e7
440,440,47ec
441,441,47f4
442,442,47fc
443,443,4804
444,444,480c
445,445,4814
446,446,4844
447,447,484c
448,448,485c
449,449,4861
450,450,4863
451,451,4864
452,452,4865
453,453,4867
454,454,4869
455,455,486b
456,456,486c
457,457,486d
458,458,486f
459,459,48704
460,460,4870c
461,461,4871
462,462,48714
463,463,4871c
464,464,4873
465,465,4874
466,466,4875
467,467,487601
468,468,487603
469,469,487604
470,470,4876044
471,471,487604b
472,472,487604c
473,473,487604d
474,474,487604f
475,475,487605
476,476,4876054
477,477,487605c
478,478,487607
479,479,48760c
480,480,48761
481,481,487614
482,482,487619
483,483,48761b
484,484,48761c
485,485,48761d
486,486,48763
487,487,48764
488,488,48765
489,489,48767
490,490,4876c
491,491,4877
492,492,48774
493,493,4877c
494,494,4879
495,495,487a4
496,496,487ac
497,497,487b
498,498,487b4
499,499,487bc
500,500,487c
501,501,487d
502,502,487f
503,503,4881
504,504,4884
505,505,4885
506,506,48864
507,507,4886c
508,508,4887
509,509,48874
510,510,4887b
511,511,4887c
512,512,4887d
513,513,4889
514,514,488b
515,515,488c
516,516,488d
517,517,488f
518,518,4894
519,519,489c
520,520,48bc
521,521,48cc
522,522,48d4
523,523,492c
524,524,4b0c
525,525,4b5c
526,526,4cac
527,527,4cb4
528,528,4cbc
529,529,4cc9
530,530,4ccb
531,531,4ccc
532,532,4ccd
533,533,4ccf
534,534,4cd4
535,535,4d2c
536,536,4d34
537,537,4d4c
538,538,4d54
539,539,4d5c
540,540,4f2c
541,541,5134
542,542,52a4
543,543,52ac
544,544,52b4
545,545,52bc
546,546,52c4
547,547,52cc
548,548,52dc
549,549,5324
550,550,5334
551,551,5344
552,552,534c
553,553,5354
554,554,535c
555,555,5364
556,556,536c
557,557,5374
558,558,537c
559,559,53a4
560,560,5404
561,561,540c
562,562,5414
563,563,547c
564,564,5484
565,565,548c
566,566,54901
567,567,54903
568,568,54904
569,569,54905
570,570,54907
571,571,5490c
572,572,5491
573,573,54914
574,574,5491c
575,575,5493
576,576,5494
577,577,5495
578,578,5497
579,579,549c
580,580,54a4
581,581,54ac
582,582,54bc
583,583,54c4
584,584,54cc
585,585,54d4
586,586,54ec
587,587,56ac
588,588,56c4
589,589,56cc
590,590,56ec
591,591,5d94
592,592,5f0c
593,593,5f74
594,594,5f84
595,595,5f8c
596,596,5f9c
597,597,5ff4
598,598,5ffc
599,599,6004
600,600,60184
601,601,601884
602,602,601889
603,603,60188b
604,604,60188c
605,605,60188d
606,606,60188f
607,607,60189
608,608,601894
609,609,6018c
610,610,6018f
611,611,6019
612,612,60194
613,613,6019c
614,614,601b
615,615,601c
616,616,601d
617,617,601f
618,618,6024
619,619,671c
620,620,697c
621,621,6ab4
622,622,6ad4
623,623,6b0c
624,624,6b14
625,625,6b1c
626,626,6b24
627,627,6b74
628,628,6b94
629,629,6b9c
630,630,6ba4
631,631,6d0c
632,632,6d2c
633,633,6d34
634,634,6d3c
635,635,6d44
636,636,6d6c
637,637,6d74
638,638,6e14
639,639,71a4
640,640,769c
641,641,7954
642,642,7c04
643,643,7eac
644,644,8081
645,645,8084
646,646,80844
647,647,8085
648,648,80854
649,649,8085804
650,650,808580c
651,651,808581
652,652,8085814
653,653,808584
654,654,808585
655,655,808587
656,656,80859
657,657,808594
658,658,80859c
659,659,8085b
660,660,8085c
661,661,8085d
662,662,808c
663,663,808d
664,664,808e4
665,665,808f
666,666,808f4
667,667,808fc
668,668,8094
669,669,809c
670,670,80a4
671,671,80ac
672,672,80b4
673,673,80bc
674,674,80c1
675,675,80c2c
676,676,80c3
677,677,80c34
678,678,80c4
679,679,80c5
680,680,80c7
681,681,80cc
682,682,80d4
683,683,80dc
684,684,80ec
685,685,8424
686,686,842c
687,687,858c
688,688,85bc
689,689,85c4
690,690,85cc
691,691,85d4
692,692,85ec
693,693,85f4
694,694,85fc
695,695,8624
696,696,862c
697,697,8634
698,698,863c
699,699,8644
700,700,864c
701,701,8654
702,702,865c
703,703,8664
704,704,866c
705,705,8684
706,706,869c
707,707,86ac
708,708,86bc
709,709,86d4
710,710,86dc
711,711,86e4
712,712,86ec
713,713,86f4
714,714,86fc
715,715,8704
716,716,870c
717,717,8714
718,718,871c
719,719,8724
720,720,872c
721,721,8734
722,722,873c
723,723,8744
724,724,874c
725,725,8754
726,726,875c
727,727,8764
728,728,876c
729,729,8774
730,730,877c
731,731,8784
732,732,878c
733,733,8794
734,734,879c
735,735,87a4
736,736,87ac
737,737,87b4
738,738,87bc
739,739,87c4
740,740,87cc
741,741,87d4
742,742,87dc
743,743,87e4
744,744,87ec
745,745,87f4
746,746,87fc
747,747,8804
748,748,8809
749,749,880b
750,750,880c
751,751,880d
752,752,880e3
753,753,880e4
754,754,880e5
755,755,880ec
756,756,880f
757,757,880f4
758,758,880fc
759,759,8814
760,760,881c
761,761,8824
762,762,882b
763,763,882b4
764,764,882c
765,765,882d
766,766,882f
767,767,8834
768,768,883c
769,769,8844
770,770,884c
771,771,8854
772,772,885c
773,773,8864
774,774,886c
775,775,8874
776,776,887c
777,777,8884
778,778,888c
779,779,8894
780,780,889c
781,781,88c4
782,782,88cc
783,783,88d4
784,784,88d9
785,785,88db
786,786,88dc
787,787,88dd
788,788,88df
789,789,88e4
790,790,88ec
791,791,88f4
792,792,88fc
793,793,8904
794,794,8924
795,795,892c
796,796,8934
797,797,894c
798,798,89a4
799,799,89ac
800,800,89b1
801,801,89b3
802,802,89b4
803,803,89b5
804,804,89b64
805,805,89b6c
806,806,89b7
807,807,89b7ac
808,808,89b7b
809,809,89b7b1
810,810,89b7b3
811,811,89b7b4
812,812,89b7b64
813,813,89b7b6c
814,814,89b7b7
815,815,89b7b74
816,816,89b7b7c
817,817,89b7bc
818,818,89b7c
819,819,89b7d
820,820,89b7f
821,821,89bc
822,822,89c1
823,823,89c23
824,824,89c24
825,825,89c244
826,826,89c24c
827,827,89c25
828,828,89c254
829,829,89c2584
830,830,89c258c
831,831,89c259
832,832,89c2594
833,833,89c259c
834,834,89c25b
835,835,89c25c
836,836,89c25f
837,837,89c27
838,838,89c2c
839,839,89c3
840,840,89c34
841,841,89c3c
842,842,89c4
843,843,89c5
844,844,89c7
845,845,89cc
846,846,89d4
847,847,89dc
848,848,89e1
849,849,89e24
850,850,89e2c
851,851,89e3
852,852,89e34
853,853,89e3c
854,854,89e4
855,855,89e5
856,856,89e7
857,857,89ec
858,858,89fc
859,859,8a2c
860,860,8c04
861,861,8c14
862,862,8c2c
863,863,8c44
864,864,8d0c
865,865,8d14
866,866,8e2c
867,867,8e34
868,868,8e3c
869,869,8e44
870,870,8e64
871,871,8e84
872,872,8eac
873,873,8eb4
874,874,8edc
875,875,8ef4
876,876,8f4c
877,877,8f54
878,878,8f5c
879,879,8f64
880,880,8f6c
881,881,8f74
882,882,8f9c
883,883,8fa4
884,884,8fac
885,885,9004
886,886,902c
887,887,9104
888,888,9114
889,889,9144
890,890,915c
891,891,916c
892,892,91ac
893,893,91d4
894,894,935c
895,895,93fc
896,896,947c
897,897,94cc
898,898,94dc
899,899,94f4
900,900,951c
901,901,9524
902,902,959c
903,903,95a4
904,904,95b4
905,905,95bc
906,906,9614
907,907,961c
908,908,9664
909,909,966c
910,910,967c
911,911,9684
912,912,968c
913,913,96ac
914,914,9944
915,915,9aac
916,916,a82c
917,917,a9d4
918,918,aa6c
919,919,bc4c
920,920,bc74
921,921,bc7c
922,922,bd94
923,923,bda4
924,924,bdac
925,925,bdb4
926,926,bdbc
927,927,bdd4
928,928,be84
929,929,becc
